id,total,to_distribute,n_elements,std_div_mod,n_votants
1,9.0,9,1082,98.5862,4

2, 10.0, 10, 2721, 228.8361, 5
3, 10.0, 10, 1868, 159.3404, 5
4, 10.0, 10, 3271, 269.8575, 5
5, 10.0, 10, 1919, 162.1555, 5
6, 10.0, 10, 2775, 219.78, 5
7, 10.0, 10, 3002, 268.0786, 5
8, 10.0, 10, 2731, 249.8865, 5
9, 10.0, 10, 2976, 239.568, 5
10, 10.0, 10, 3027, 259.7166, 5
11, 10.0, 10, 3040, 240.16, 5
12, 10.0, 10, 3263, 264.9556, 5
13, 10.0, 10, 2226, 188.9874, 5
14, 10.0, 10, 3004, 256.5416, 5
15, 10.0, 10, 1716, 145.5168, 5
16, 10.0, 10, 2609, 198.284, 5
17, 10.0, 10, 2353, 178.5927, 5
18, 10.0, 10, 1990, 162.583, 5
19, 10.0, 10, 2372, 201.8572, 5
20, 10.0, 10, 1890, 174.447, 5
21, 10.0, 10, 1914, 158.862, 5
22, 10.0, 10, 2731, 235.4122, 5
23, 10.0, 10, 2298, 190.9638, 5
24, 10.0, 10, 2054, 168.8388, 5
25, 10.0, 10, 2082, 166.3518, 5
26, 10.0, 10, 1972, 158.5488, 5
27, 10.0, 10, 2518, 225.1092, 5
28, 10.0, 10, 1675, 137.35, 5
29, 10.0, 10, 2512, 225.8288, 5
30, 10.0, 10, 3141, 271.3824, 5
31, 10.0, 10, 2531, 207.2889, 5
32, 10.0, 10, 1839, 148.5912, 5
33, 10.0, 10, 1480, 135.42, 5
34, 10.0, 10, 2187, 175.3974, 5
35, 10.0, 10, 3188, 255.9964, 5
36, 10.0, 10, 3933, 316.9998, 5
37, 10.0, 10, 3126, 256.332, 5
38, 10.0, 10, 2062, 173.8266, 5
39, 10.0, 10, 2066, 172.3044, 5
40, 10.0, 10, 3332, 264.2276, 5
41, 10.0, 10, 2051, 171.6687, 5
42, 10.0, 10, 1935, 149.5755, 5
43, 10.0, 10, 2979, 236.8305, 5
44, 10.0, 10, 2733, 223.5594, 5
45, 10.0, 10, 2607, 210.3849, 5
46, 10.0, 10, 2571, 228.5619, 5
47, 10.0, 10, 2352, 206.7408, 5
48, 10.0, 10, 2367, 195.5142, 5
49, 10.0, 10, 2115, 182.1015, 5
50, 10.0, 10, 2386, 206.1504, 5
51, 10.0, 10, 2907, 247.3857, 5
52, 10.0, 10, 1901, 168.9989, 5
53, 10.0, 10, 2434, 203.9692, 5
54, 10.0, 10, 1333, 113.1717, 5
55, 10.0, 10, 1999, 174.3128, 5
56, 10.0, 10, 1495, 136.942, 5
57, 10.0, 10, 1447, 113.4448, 5
58, 10.0, 10, 3357, 270.5742, 5
59, 10.0, 10, 2366, 214.123, 5
60, 10.0, 10, 2481, 212.6217, 5
61, 10.0, 10, 3684, 300.9828, 5
62, 10.0, 10, 2654, 232.4904, 5
63, 10.0, 10, 1366, 112.9682, 5
64, 10.0, 10, 1894, 163.831, 5
65, 10.0, 10, 2575, 231.75, 5
66, 10.0, 10, 2660, 214.662, 5
67, 10.0, 10, 1655, 135.2135, 5
68, 10.0, 10, 1600, 142.88, 5
69, 10.0, 10, 2704, 221.1872, 5
70, 10.0, 10, 2356, 201.2024, 5
71, 10.0, 10, 1969, 174.2565, 5
72, 10.0, 10, 2319, 208.2462, 5
73, 10.0, 10, 1828, 170.004, 5
74, 10.0, 10, 3587, 285.1665, 5
75, 10.0, 10, 2786, 240.4318, 5
76, 10.0, 10, 3004, 253.838, 5
77, 10.0, 10, 2781, 231.1011, 5
78, 10.0, 10, 2900, 226.78, 5
79, 10.0, 10, 2259, 178.9128, 5
80, 10.0, 10, 2902, 232.7404, 5
81, 10.0, 10, 1731, 150.4239, 5
82, 10.0, 10, 2329, 210.7745, 5
83, 10.0, 10, 1653, 149.5965, 5
84, 10.0, 10, 4018, 328.2706, 5
85, 10.0, 10, 2409, 195.3699, 5
86, 10.0, 10, 2190, 196.005, 5
87, 10.0, 10, 3302, 267.1318, 5
88, 10.0, 10, 1647, 139.5009, 5
89, 10.0, 10, 2069, 173.3822, 5
90, 10.0, 10, 2162, 184.851, 5
91, 10.0, 10, 2258, 171.8338, 5
92, 10.0, 10, 3836, 327.978, 5
93, 10.0, 10, 2261, 204.8466, 5
94, 10.0, 10, 1488, 124.992, 5
95, 10.0, 10, 2061, 179.307, 5
96, 10.0, 10, 2961, 253.7577, 5
97, 10.0, 10, 3739, 308.8414, 5
98, 10.0, 10, 3251, 291.9398, 5
99, 10.0, 10, 2336, 210.9408, 5
100, 10.0, 10, 1894, 150.1942, 5
101, 10.0, 10, 3413, 291.1289, 5
102, 5.0, 5, 2277, 420.7896, 5
103, 5.0, 5, 3497, 575.6062, 5
104, 5.0, 5, 2450, 321.93, 5
105, 5.0, 5, 2210, 303.654, 5
106, 5.0, 5, 1999, 309.845, 5
107, 5.0, 5, 1799, 289.9988, 5
108, 5.0, 5, 2567, 310.607, 5
109, 5.0, 5, 2576, 345.184, 5
110, 5.0, 5, 2510, 396.58, 5
111, 5.0, 5, 2779, 419.0732, 5
112, 5.0, 5, 2092, 269.0312, 5
113, 5.0, 5, 2839, 360.553, 5
114, 5.0, 5, 1634, 201.3088, 5
115, 5.0, 5, 2902, 438.7824, 5
116, 5.0, 5, 4458, 762.318, 5
117, 5.0, 5, 2993, 426.8018, 5
118, 5.0, 5, 2101, 317.6712, 5
119, 5.0, 5, 1357, 188.8944, 5
120, 5.0, 5, 2765, 434.105, 5
121, 5.0, 5, 2871, 467.973, 5
122, 5.0, 5, 2614, 356.5496, 5
123, 5.0, 5, 1307, 192.129, 5
124, 5.0, 5, 1869, 271.005, 5
125, 5.0, 5, 2493, 380.9304, 5
126, 5.0, 5, 1654, 216.0124, 5
127, 5.0, 5, 2071, 284.9696, 5
128, 5.0, 5, 3266, 496.432, 5
129, 5.0, 5, 1707, 239.6628, 5
130, 5.0, 5, 2533, 370.8312, 5
131, 5.0, 5, 2668, 441.8208, 5
132, 5.0, 5, 2630, 397.656, 5
133, 5.0, 5, 2782, 405.0592, 5
134, 5.0, 5, 1824, 308.256, 5
135, 5.0, 5, 2687, 396.0638, 5
136, 5.0, 5, 3149, 478.0182, 5
137, 5.0, 5, 2450, 316.54, 5
138, 5.0, 5, 2817, 404.5212, 5
139, 5.0, 5, 2167, 329.384, 5
140, 5.0, 5, 2578, 425.8856, 5
141, 5.0, 5, 1243, 171.7826, 5
142, 5.0, 5, 2449, 289.9616, 5
143, 5.0, 5, 3532, 490.2416, 5
144, 5.0, 5, 1671, 227.9244, 5
145, 5.0, 5, 2276, 310.9016, 5
146, 5.0, 5, 2216, 289.8528, 5
147, 5.0, 5, 1394, 205.7544, 5
148, 5.0, 5, 2805, 381.48, 5
149, 5.0, 5, 3379, 469.0052, 5
150, 5.0, 5, 2271, 291.1422, 5
151, 5.0, 5, 3097, 414.998, 5
152, 5.0, 5, 2563, 406.4918, 5
153, 5.0, 5, 2712, 366.6624, 5
154, 5.0, 5, 2854, 380.7236, 5
155, 5.0, 5, 2297, 303.204, 5
156, 5.0, 5, 3098, 418.8496, 5
157, 5.0, 5, 2357, 381.834, 5
158, 5.0, 5, 1795, 262.788, 5
159, 5.0, 5, 1492, 223.2032, 5
160, 5.0, 5, 2009, 273.224, 5
161, 5.0, 5, 2711, 395.2638, 5
162, 5.0, 5, 2527, 351.7584, 5
163, 5.0, 5, 3688, 561.3136, 5
164, 5.0, 5, 2862, 427.5828, 5
165, 5.0, 5, 2374, 342.8056, 5
166, 5.0, 5, 1400, 230.44, 5
167, 5.0, 5, 2923, 466.5108, 5
168, 5.0, 5, 3101, 448.4046, 5
169, 5.0, 5, 2124, 334.7424, 5
170, 5.0, 5, 4353, 720.8568, 5
171, 5.0, 5, 1914, 293.2248, 5
172, 5.0, 5, 1833, 297.3126, 5
173, 5.0, 5, 2046, 320.8128, 5
174, 5.0, 5, 2217, 321.465, 5
175, 5.0, 5, 1832, 279.1968, 5
176, 5.0, 5, 2745, 445.788, 5
177, 5.0, 5, 2055, 290.577, 5
178, 5.0, 5, 2992, 466.1536, 5
179, 5.0, 5, 3230, 468.35, 5
180, 5.0, 5, 3042, 489.762, 5
181, 5.0, 5, 2044, 289.8392, 5
182, 5.0, 5, 1487, 266.7678, 5
183, 5.0, 5, 2761, 482.0706, 5
184, 5.0, 5, 1815, 248.655, 5
185, 5.0, 5, 2881, 378.5634, 5
186, 5.0, 5, 2701, 454.8484, 5
187, 5.0, 5, 2106, 326.8512, 5
188, 5.0, 5, 2259, 341.5608, 5
189, 5.0, 5, 2691, 339.066, 5
190, 5.0, 5, 1738, 252.7052, 5
191, 5.0, 5, 2665, 425.334, 5
192, 5.0, 5, 3014, 482.8428, 5
193, 5.0, 5, 1943, 276.2946, 5
194, 5.0, 5, 3096, 442.728, 5
195, 5.0, 5, 3256, 497.5168, 5
196, 5.0, 5, 3682, 485.2876, 5
197, 5.0, 5, 1927, 248.9684, 5
198, 5.0, 5, 1659, 255.8178, 5
199, 5.0, 5, 1989, 305.9082, 5
200, 5.0, 5, 2470, 402.61, 5
201, 5.0, 5, 2097, 353.9736, 5
202, 15.0, 15, 1433, 91.1403, 5
203, 15.0, 15, 2246, 144.4938, 5
204, 15.0, 15, 1648, 98.1074, 5
205, 15.0, 15, 2187, 125.388, 5
206, 15.0, 15, 2583, 151.8804, 5
207, 15.0, 15, 2908, 175.2523, 5
208, 15.0, 15, 1847, 111.685, 5
209, 15.0, 15, 2152, 132.7042, 5
210, 15.0, 15, 3445, 195.6711, 5
211, 15.0, 15, 3614, 218.5296, 5
212, 15.0, 15, 1651, 96.3042, 5
213, 15.0, 15, 2692, 160.6192, 5
214, 15.0, 15, 3905, 231.9606, 5
215, 15.0, 15, 3256, 194.9225, 5
216, 15.0, 15, 2057, 120.5442, 5
217, 15.0, 15, 2884, 167.2677, 5
218, 15.0, 15, 2374, 139.7456, 5
219, 15.0, 15, 2614, 152.1306, 5
220, 15.0, 15, 3165, 182.937, 5
221, 15.0, 15, 1852, 107.4117, 5
222, 15.0, 15, 2128, 122.4264, 5
223, 15.0, 15, 2500, 139.4946, 5
224, 15.0, 15, 1893, 110.5512, 5
225, 15.0, 15, 1723, 104.2959, 5
226, 15.0, 15, 2571, 157.1738, 5
227, 15.0, 15, 2487, 142.2564, 5
228, 15.0, 15, 2927, 183.8175, 5
229, 15.0, 15, 2957, 174.6639, 5
230, 15.0, 15, 2689, 155.7784, 5
231, 15.0, 15, 2960, 168.7248, 5
232, 15.0, 15, 2483, 148.6523, 5
233, 15.0, 15, 1004, 59.1729, 5
234, 15.0, 15, 2251, 130.7038, 5
235, 15.0, 15, 1963, 109.7918, 5
236, 15.0, 15, 2707, 160.9727, 5
237, 15.0, 15, 1401, 85.928, 5
238, 15.0, 15, 3136, 191.9205, 5
239, 15.0, 15, 3107, 199.8848, 5
240, 15.0, 15, 2269, 133.8672, 5
241, 15.0, 15, 3076, 177.3782, 5
242, 15.0, 15, 3664, 212.9963, 5
243, 15.0, 15, 2762, 166.8279, 5
244, 15.0, 15, 3237, 198.1044, 5
245, 15.0, 15, 2636, 168.0025, 5
246, 15.0, 15, 2672, 152.4869, 5
247, 15.0, 15, 2502, 152.1216, 5
248, 15.0, 15, 2820, 169.576, 5
249, 15.0, 15, 3622, 220.4562, 5
250, 15.0, 15, 2211, 130.8912, 5
251, 15.0, 15, 2190, 124.246, 5
252, 15.0, 15, 2106, 128.466, 5
253, 15.0, 15, 2958, 172.7472, 5
254, 15.0, 15, 2972, 171.9841, 5
255, 15.0, 15, 3085, 185.5081, 5
256, 15.0, 15, 2189, 129.3007, 5
257, 15.0, 15, 2326, 144.0546, 5
258, 15.0, 15, 2755, 170.4403, 5
259, 15.0, 15, 2845, 166.3336, 5
260, 15.0, 15, 1682, 105.7436, 5
261, 15.0, 15, 2048, 120.4263, 5
262, 15.0, 15, 2525, 148.3056, 5
263, 15.0, 15, 1891, 110.1781, 5
264, 15.0, 15, 2210, 130.983, 5
265, 15.0, 15, 3487, 203.1717, 5
266, 15.0, 15, 3295, 193.9618, 5
267, 15.0, 15, 2818, 173.9621, 5
268, 15.0, 15, 2716, 161.5079, 5
269, 15.0, 15, 3215, 198.9037, 5
270, 15.0, 15, 1595, 92.1954, 5
271, 15.0, 15, 1436, 85.1106, 5
272, 15.0, 15, 2380, 135.8139, 5
273, 15.0, 15, 2442, 140.4964, 5
274, 15.0, 15, 2143, 123.1465, 5
275, 15.0, 15, 829, 48.7413, 5
276, 15.0, 15, 2278, 132.4235, 5
277, 15.0, 15, 2770, 167.3049, 5
278, 15.0, 15, 2778, 160.198, 5
279, 15.0, 15, 1872, 107.8272, 5
280, 15.0, 15, 2864, 173.5614, 5
281, 15.0, 15, 2404, 143.9161, 5
282, 15.0, 15, 2395, 145.7728, 5
283, 15.0, 15, 3231, 191.9214, 5
284, 15.0, 15, 3809, 219.4029, 5
285, 15.0, 15, 2744, 162.6314, 5
286, 15.0, 15, 1518, 91.6872, 5
287, 15.0, 15, 3808, 228.2228, 5
288, 15.0, 15, 3322, 189.7922, 5
289, 15.0, 15, 1222, 74.9467, 5
290, 15.0, 15, 3202, 179.0932, 5
291, 15.0, 15, 3417, 190.8964, 5
292, 15.0, 15, 3574, 204.9047, 5
293, 15.0, 15, 2087, 125.9188, 5
294, 15.0, 15, 2478, 140.5852, 5
295, 15.0, 15, 2083, 116.7816, 5
296, 15.0, 15, 2236, 135.0513, 5
297, 15.0, 15, 3066, 174.9664, 5
298, 15.0, 15, 1721, 103.4927, 5
299, 15.0, 15, 2651, 150.7584, 5
300, 15.0, 15, 3075, 183.065, 5
301, 15.0, 15, 3300, 196.46, 5
302, 10.0, 10, 1161, 100.0782, 3
303, 10.0, 10, 980, 89.768, 3
304, 10.0, 10, 1400, 129.78, 3
305, 10.0, 10, 1350, 121.77, 3
306, 10.0, 10, 2252, 203.3556, 3
307, 10.0, 10, 1458, 129.4704, 3
308, 10.0, 10, 2018, 189.8938, 3
309, 10.0, 10, 1323, 116.6886, 3
310, 10.0, 10, 1233, 105.9147, 3
311, 10.0, 10, 1227, 107.976, 3
312, 10.0, 10, 2555, 232.2495, 3
313, 10.0, 10, 1103, 95.961, 3
314, 10.0, 10, 1897, 187.9927, 3
315, 10.0, 10, 1102, 104.5798, 3
316, 10.0, 10, 1324, 110.9512, 3
317, 10.0, 10, 1658, 144.9092, 3
318, 10.0, 10, 1239, 109.7754, 3
319, 10.0, 10, 1458, 124.8048, 3
320, 10.0, 10, 1620, 147.096, 3
321, 10.0, 10, 843, 75.9543, 3
322, 10.0, 10, 2093, 195.2769, 3
323, 10.0, 10, 1261, 112.4812, 3
324, 10.0, 10, 1920, 178.944, 3
325, 10.0, 10, 1040, 92.768, 3
326, 10.0, 10, 2394, 207.7992, 3
327, 10.0, 10, 1223, 108.4801, 3
328, 10.0, 10, 1773, 156.7332, 3
329, 10.0, 10, 2427, 222.3132, 3
330, 10.0, 10, 2118, 186.5958, 3
331, 10.0, 10, 796, 73.9484, 3
332, 10.0, 10, 2454, 226.995, 3
333, 10.0, 10, 1672, 141.9528, 3
334, 10.0, 10, 2181, 191.0556, 3
335, 10.0, 10, 2392, 229.632, 3
336, 10.0, 10, 1525, 134.9625, 3
337, 10.0, 10, 1102, 102.1554, 3
338, 10.0, 10, 1138, 101.3958, 3
339, 10.0, 10, 1961, 178.6471, 3
340, 10.0, 10, 1016, 93.1672, 3
341, 10.0, 10, 1064, 91.9296, 3
342, 10.0, 10, 1398, 131.5518, 3
343, 10.0, 10, 1714, 160.259, 3
344, 10.0, 10, 1500, 136.95, 3
345, 10.0, 10, 483, 42.0693, 3
346, 10.0, 10, 1697, 148.6572, 3
347, 10.0, 10, 1982, 172.434, 3
348, 10.0, 10, 1227, 116.565, 3
349, 10.0, 10, 1164, 103.8288, 3
350, 10.0, 10, 2634, 236.7966, 3
351, 10.0, 10, 1537, 133.8727, 3
352, 10.0, 10, 1707, 156.1905, 3
353, 10.0, 10, 2007, 194.4783, 3
354, 10.0, 10, 1598, 136.9486, 3
355, 10.0, 10, 2320, 215.992, 3
356, 10.0, 10, 1392, 129.5952, 3
357, 10.0, 10, 1277, 112.8868, 3
358, 10.0, 10, 1458, 140.9886, 3
359, 10.0, 10, 1526, 139.9342, 3
360, 10.0, 10, 1431, 131.5089, 3
361, 10.0, 10, 2282, 213.8234, 3
362, 10.0, 10, 1428, 124.6644, 3
363, 10.0, 10, 1120, 100.464, 3
364, 10.0, 10, 2209, 199.6936, 3
365, 10.0, 10, 1603, 139.9419, 3
366, 10.0, 10, 2636, 246.7296, 3
367, 10.0, 10, 1314, 118.7856, 3
368, 10.0, 10, 1298, 108.9022, 3
369, 10.0, 10, 1511, 136.5944, 3
370, 10.0, 10, 1318, 117.302, 3
371, 10.0, 10, 1436, 127.3732, 3
372, 10.0, 10, 1021, 87.9081, 3
373, 10.0, 10, 2428, 222.8904, 3
374, 10.0, 10, 1274, 119.756, 3
375, 10.0, 10, 1386, 128.4822, 3
376, 10.0, 10, 1922, 167.9828, 3
377, 10.0, 10, 2210, 197.353, 3
378, 10.0, 10, 1994, 184.6444, 3
379, 10.0, 10, 1711, 165.2826, 3
380, 10.0, 10, 1531, 135.33295, 3
381, 10.0, 10, 2346, 215.1282, 3
382, 10.0, 10, 2605, 226.635, 3
383, 10.0, 10, 946, 81.9236, 3
384, 10.0, 10, 2457, 238.0833, 3
385, 10.0, 10, 1487, 137.3988, 3
386, 10.0, 10, 821, 73.9721, 3
387, 10.0, 10, 1745, 150.419, 3
388, 10.0, 10, 1115, 100.4615, 3
389, 10.0, 10, 1377, 121.4514, 3
390, 10.0, 10, 2061, 186.9327, 3
391, 10.0, 10, 1268, 117.4168, 3
392, 10.0, 10, 1753, 171.4434, 3
393, 10.0, 10, 2227, 209.1153, 3
394, 10.0, 10, 1315, 127.9495, 3
395, 10.0, 10, 1936, 184.888, 3
396, 10.0, 10, 2130, 180.837, 3
397, 10.0, 10, 841, 78.1289, 3
398, 10.0, 10, 687, 63.2727, 3
399, 10.0, 10, 1762, 157.699, 3
400, 10.0, 10, 1710, 158.004, 3
401, 10.0, 10, 1354, 121.4538, 3
402, 5.0, 5, 786, 123.402, 3
403, 5.0, 5, 1030, 169.95, 3
404, 5.0, 5, 316, 56.4376, 3
405, 5.0, 5, 1208, 204.152, 3
406, 5.0, 5, 2256, 357.8016, 3
407, 5.0, 5, 2132, 325.7696, 3
408, 5.0, 5, 1117, 177.603, 3
409, 5.0, 5, 2157, 393.4368, 3
410, 5.0, 5, 1389, 233.0742, 3
411, 5.0, 5, 400, 68.0, 3
412, 5.0, 5, 300, 48.0, 3
413, 5.0, 5, 2088, 333.2448, 3
414, 5.0, 5, 1269, 206.3394, 3
415, 5.0, 5, 1143, 180.3654, 3
416, 5.0, 5, 1009, 172.9426, 3
417, 5.0, 5, 849, 142.9716, 3
418, 5.0, 5, 1108, 182.5984, 3
419, 5.0, 5, 2247, 373.9008, 3
420, 5.0, 5, 2244, 440.7216, 3
421, 5.0, 5, 1978, 327.9524, 3
422, 5.0, 5, 1512, 246.1536, 3
423, 5.0, 5, 1525, 246.745, 3
424, 5.0, 5, 1356, 246.5208, 3
425, 5.0, 5, 2330, 430.584, 3
426, 5.0, 5, 827, 138.4398, 3
427, 5.0, 5, 2330, 342.976, 3
428, 5.0, 5, 1658, 260.306, 3
429, 5.0, 5, 1259, 220.5768, 3
430, 5.0, 5, 1208, 180.9584, 3
431, 5.0, 5, 1022, 164.9508, 3
432, 5.0, 5, 2202, 367.734, 3
433, 5.0, 5, 845, 135.538, 3
434, 5.0, 5, 1853, 302.4096, 3
435, 5.0, 5, 1566, 269.9784, 3
436, 5.0, 5, 1581, 276.0426, 3
437, 5.0, 5, 1164, 220.2288, 3
438, 5.0, 5, 2675, 429.07, 3
439, 5.0, 5, 887, 150.4352, 3
440, 5.0, 5, 1239, 227.976, 3
441, 5.0, 5, 1200, 218.4, 3
442, 5.0, 5, 1893, 306.666, 3
443, 5.0, 5, 1343, 236.6366, 3
444, 5.0, 5, 1172, 194.7864, 3
445, 5.0, 5, 844, 147.8688, 3
446, 5.0, 5, 1787, 319.1582, 3
447, 5.0, 5, 1889, 319.241, 3
448, 5.0, 5, 1790, 310.386, 3
449, 5.0, 5, 1903, 314.3756, 3
450, 5.0, 5, 1131, 214.6638, 3
451, 5.0, 5, 2427, 475.692, 3
452, 5.0, 5, 1109, 187.8646, 3
453, 5.0, 5, 568, 97.9232, 3
454, 5.0, 5, 1137, 193.29, 3
455, 5.0, 5, 449, 68.3378, 3
456, 5.0, 5, 635, 106.934, 3
457, 5.0, 5, 1075, 179.955, 3
458, 5.0, 5, 1919, 309.3428, 3
459, 5.0, 5, 1009, 195.9478, 3
460, 5.0, 5, 1872, 294.6528, 3
461, 5.0, 5, 2102, 331.6956, 3
462, 5.0, 5, 2031, 305.8686, 3
463, 5.0, 5, 2047, 354.9498, 3
464, 5.0, 5, 485, 88.949, 3
465, 5.0, 5, 1812, 334.8576, 3
466, 5.0, 5, 2074, 343.8692, 3
467, 5.0, 5, 1585, 243.773, 3
468, 5.0, 5, 1438, 222.89, 3
469, 5.0, 5, 1545, 281.499, 3
470, 5.0, 5, 1855, 296.429, 3
471, 5.0, 5, 1311, 253.5474, 3
472, 5.0, 5, 1012, 178.9216, 3
473, 5.0, 5, 1577, 311.9306, 3
474, 5.0, 5, 1341, 214.2918, 3
475, 5.0, 5, 1286, 207.046, 3
476, 5.0, 5, 628, 114.924, 3
477, 5.0, 5, 2131, 325.6168, 3
478, 5.0, 5, 624, 101.712, 3
479, 5.0, 5, 1448, 243.8432, 3
480, 5.0, 5, 1151, 195.9002, 3
481, 5.0, 5, 1048, 161.1824, 3
482, 5.0, 5, 1902, 343.5012, 3
483, 5.0, 5, 1960, 322.616, 3
484, 5.0, 5, 1185, 202.872, 3
485, 5.0, 5, 1398, 253.8768, 3
486, 5.0, 5, 2550, 425.85, 3
487, 5.0, 5, 1479, 261.1914, 3
488, 5.0, 5, 1715, 250.047, 3
489, 5.0, 5, 977, 177.4232, 3
490, 5.0, 5, 696, 121.6608, 3
491, 5.0, 5, 1966, 317.7056, 3
492, 5.0, 5, 790, 140.936, 3
493, 5.0, 5, 1777, 323.7694, 3
494, 5.0, 5, 1650, 247.83, 3
495, 5.0, 5, 1030, 169.95, 3
496, 5.0, 5, 441, 76.4694, 3
497, 5.0, 5, 2721, 461.4816, 3
498, 5.0, 5, 2093, 315.6244, 3
499, 5.0, 5, 1738, 327.4392, 3
500, 5.0, 5, 1500, 278.1, 3
501, 5.0, 5, 655, 100.477, 3
502, 15.0, 15, 1847, 112.916, 3
503, 15.0, 15, 1222, 74.9467, 3
504, 15.0, 15, 578, 36.9933, 3
505, 15.0, 15, 1571, 98.4513, 3
506, 15.0, 15, 1992, 122.3088, 3
507, 15.0, 15, 1195, 75.8411, 3
508, 15.0, 15, 2110, 128.2851, 3
509, 15.0, 15, 1141, 72.7944, 3
510, 15.0, 15, 739, 47.5412, 3
511, 15.0, 15, 1657, 100.5217, 3
512, 15.0, 15, 2330, 152.3826, 3
513, 15.0, 15, 660, 41.36, 3
514, 15.0, 15, 1787, 110.3199, 3
515, 15.0, 15, 2333, 149.3133, 3
516, 15.0, 15, 1278, 79.5768, 3
517, 15.0, 15, 2422, 158.7212, 3
518, 15.0, 15, 1416, 88.8304, 3
519, 15.0, 15, 1510, 94.9268, 3
520, 15.0, 15, 1525, 94.0392, 3
521, 15.0, 15, 1418, 88.9578, 3
522, 15.0, 15, 1383, 87.4978, 3
523, 15.0, 15, 999, 65.3346, 3
524, 15.0, 15, 2254, 134.9361, 3
525, 15.0, 15, 1161, 71.2854, 3
526, 15.0, 15, 1878, 122.4456, 3
527, 15.0, 15, 1364, 84.4794, 3
528, 15.0, 15, 1647, 97.8318, 3
529, 15.0, 15, 2634, 173.3172, 3
530, 15.0, 15, 1841, 114.1443, 3
531, 15.0, 15, 1583, 99.2033, 3
532, 15.0, 15, 1526, 94.8177, 3
533, 15.0, 15, 1748, 105.9318, 3
534, 15.0, 15, 1661, 103.095, 3
535, 15.0, 15, 1951, 119.1383, 3
536, 15.0, 15, 1698, 110.7096, 3
537, 15.0, 15, 2104, 132.2696, 3
538, 15.0, 15, 1790, 114.2034, 3
539, 15.0, 15, 925, 59.0753, 3
540, 15.0, 15, 2145, 132.99, 3
541, 15.0, 15, 600, 36.84, 3
542, 15.0, 15, 1615, 101.4201, 3
543, 15.0, 15, 1411, 85.9741, 3
544, 15.0, 15, 1606, 99.4626, 3
545, 15.0, 15, 1586, 96.8545, 3
546, 15.0, 15, 1781, 114.4601, 3
547, 15.0, 15, 911, 56.1201, 3
548, 15.0, 15, 2201, 140.8653, 3
549, 15.0, 15, 1663, 102.6601, 3
550, 15.0, 15, 1569, 99.4746, 3
551, 15.0, 15, 1430, 92.0931, 3
552, 15.0, 15, 1727, 114.5578, 3
553, 15.0, 15, 990, 63.228, 3
554, 15.0, 15, 2040, 123.488, 3
555, 15.0, 15, 262, 15.9967, 3
556, 15.0, 15, 1525, 100.2429, 3
557, 15.0, 15, 2306, 147.739, 3
558, 15.0, 15, 2034, 122.8536, 3
559, 15.0, 15, 1541, 100.6793, 3
560, 15.0, 15, 1056, 67.3728, 3
561, 15.0, 15, 2366, 146.6943, 3
562, 15.0, 15, 1888, 121.4602, 3
563, 15.0, 15, 1193, 75.9558, 3
564, 15.0, 15, 1589, 103.6035, 3
565, 15.0, 15, 1035, 66.723, 3
566, 15.0, 15, 1821, 115.937, 3
567, 15.0, 15, 1582, 99.9807, 3
568, 15.0, 15, 1598, 95.2443, 3
569, 15.0, 15, 1286, 80.2485, 3
570, 15.0, 15, 1387, 86.1767, 3
571, 15.0, 15, 700, 44.2383, 3
572, 15.0, 15, 1774, 113.4164, 3
573, 15.0, 15, 1600, 96.1034, 3
574, 15.0, 15, 699, 42.9652, 3
575, 15.0, 15, 1399, 88.5084, 3
576, 15.0, 15, 1097, 67.4315, 3
577, 15.0, 15, 1014, 64.558, 3
578, 15.0, 15, 1864, 118.176, 3
579, 15.0, 15, 869, 53.2434, 3
580, 15.0, 15, 1533, 94.1262, 3
581, 15.0, 15, 2029, 124.9839, 3
582, 15.0, 15, 1207, 77.6492, 3
583, 15.0, 15, 1286, 81.7054, 3
584, 15.0, 15, 1177, 73.9922, 3
585, 15.0, 15, 996, 60.756, 3
586, 15.0, 15, 983, 61.3413, 3
587, 15.0, 15, 2377, 143.5677, 3
588, 15.0, 15, 918, 57.5892, 3
589, 15.0, 15, 1781, 108.6438, 3
590, 15.0, 15, 1305, 79.257, 3
591, 15.0, 15, 581, 36.3726, 3
592, 15.0, 15, 1501, 92.1588, 3
593, 15.0, 15, 981, 61.149, 3
594, 15.0, 15, 1657, 104.3892, 3
595, 15.0, 15, 2192, 138.39, 3
596, 15.0, 15, 1795, 116.4348, 3
597, 15.0, 15, 1669, 102.9192, 3
598, 15.0, 15, 1770, 111.51, 3
599, 15.0, 15, 1430, 88.567, 3
600, 15.0, 15, 1614, 101.0364, 3
601, 15.0, 15, 1109, 65.7304, 3
602, 10.0, 10, 3842, 306.9758, 8
603, 10.0, 10, 3103, 220.9336, 8
604, 10.0, 10, 5252, 404.404, 8
605, 10.0, 10, 3706, 267.9438, 8
606, 10.0, 10, 5168, 385.5328, 8
607, 10.0, 10, 2078, 155.85, 8
608, 10.0, 10, 5012, 382.9168, 8
609, 10.0, 10, 3717, 261.6768, 8
610, 10.0, 10, 4551, 379.0983, 8
611, 10.0, 10, 3381, 262.3656, 8
612, 10.0, 10, 4445, 347.599, 8
613, 10.0, 10, 3601, 293.4815, 8
614, 10.0, 10, 4406, 275.8156, 8
615, 10.0, 10, 5274, 339.6456, 8
616, 10.0, 10, 4513, 320.8743, 8
617, 10.0, 10, 4040, 288.456, 8
618, 10.0, 10, 2464, 186.2784, 8
619, 10.0, 10, 4986, 396.387, 8
620, 10.0, 10, 4669, 310.9554, 8
621, 10.0, 10, 2783, 212.8995, 8
622, 10.0, 10, 5073, 366.2706, 8
623, 10.0, 10, 4556, 338.0552, 8
624, 10.0, 10, 4757, 360.1049, 8
625, 10.0, 10, 3176, 244.8696, 8
626, 10.0, 10, 4121, 339.9825, 8
627, 10.0, 10, 3794, 288.7234, 8
628, 10.0, 10, 4892, 413.374, 8
629, 10.0, 10, 2742, 200.9886, 8
630, 10.0, 10, 3519, 291.7251, 8
631, 10.0, 10, 3832, 303.8776, 8
632, 10.0, 10, 2829, 192.372, 8
633, 10.0, 10, 4744, 369.0832, 8
634, 10.0, 10, 4562, 345.3434, 8
635, 10.0, 10, 4096, 302.6944, 8
636, 10.0, 10, 4630, 358.825, 8
637, 10.0, 10, 4872, 332.7576, 8
638, 10.0, 10, 2374, 187.546, 8
639, 10.0, 10, 5291, 412.1689, 8
640, 10.0, 10, 4574, 369.5792, 8
641, 10.0, 10, 5099, 384.9745, 8
642, 10.0, 10, 3221, 236.0993, 8
643, 10.0, 10, 4268, 362.78, 8
644, 10.0, 10, 4575, 321.6225, 8
645, 10.0, 10, 3665, 262.7805, 8
646, 10.0, 10, 2364, 176.66516, 8
647, 10.0, 10, 4445, 324.485, 8
648, 10.0, 10, 4120, 302.82, 8
649, 10.0, 10, 4178, 345.1028, 8
650, 10.0, 10, 3381, 262.3656, 8
651, 10.0, 10, 3299, 245.7755, 8
652, 10.0, 10, 4636, 317.566, 8
653, 10.0, 10, 4755, 351.3945, 8
654, 10.0, 10, 5212, 390.3788, 8
655, 10.0, 10, 5005, 374.374, 8
656, 10.0, 10, 3379, 242.9501, 8
657, 10.0, 10, 3804, 284.5392, 8
658, 10.0, 10, 3047, 210.8524, 8
659, 10.0, 10, 4015, 282.656, 8
660, 10.0, 10, 4780, 350.852, 8
661, 10.0, 10, 3920, 271.0000066, 8
662, 10.0, 10, 3898, 298.197, 8
663, 10.0, 10, 3962, 290.4146, 8
664, 10.0, 10, 4791, 332.9745, 8
665, 10.0, 10, 3899, 299.0533, 8
666, 10.0, 10, 3019, 229.444, 8
667, 10.0, 10, 5319, 411.1587, 8
668, 10.0, 10, 3292, 251.838, 8
669, 10.0, 10, 3100, 243.66, 8
670, 10.0, 10, 4601, 331.272, 8
671, 10.0, 10, 2788, 233.9132, 8
672, 10.0, 10, 4212, 293.1552, 8
673, 10.0, 10, 3659, 252.471, 8
674, 10.0, 10, 6091, 439.1611, 8
675, 10.0, 10, 4504, 361.6712, 8
676, 10.0, 10, 4754, 330.8784, 8
677, 10.0, 10, 4916, 365.7504, 8
678, 10.0, 10, 5379, 364.6962, 8
679, 10.0, 10, 2940, 211.974, 8
680, 10.0, 10, 4895, 364.6775, 8
681, 10.0, 10, 4467, 352.893, 8
682, 10.0, 10, 2813, 201.9734, 8
683, 10.0, 10, 3463, 234.4451, 8
684, 10.0, 10, 4687, 372.1478, 8
685, 10.0, 10, 4958, 362.9256, 8
686, 10.0, 10, 2731, 190.0776, 8
687, 10.0, 10, 5312, 452.5824, 8
688, 10.0, 10, 3748, 287.8464, 8
689, 10.0, 10, 3813, 300.8457, 8
690, 10.0, 10, 5147, 397.8631, 8
691, 10.0, 10, 3278, 229.7878, 8
692, 10.0, 10, 3752, 272.3952, 8
693, 10.0, 10, 4998, 379.848, 8
694, 10.0, 10, 4273, 312.7836, 8
695, 10.0, 10, 3144, 229.8264, 8
696, 10.0, 10, 4726, 366.7376, 8
697, 10.0, 10, 3721, 249.6791, 8
698, 10.0, 10, 4575, 348.615, 8
699, 10.0, 10, 4409, 339.9339, 8
700, 10.0, 10, 3363, 254.9154, 8
701, 10.0, 10, 3542, 281.9432, 8
702, 5.0, 5, 4032, 529.8048, 8
703, 5.0, 5, 4561, 584.7202, 8
704, 5.0, 5, 3814, 487.4292, 8
705, 5.0, 5, 5126, 628.4476, 8
706, 5.0, 5, 3567, 411.6318, 8
707, 5.0, 5, 5007, 637.8918, 8
708, 5.0, 5, 4124, 451.1656, 8
709, 5.0, 5, 3779, 416.4458, 8
710, 5.0, 5, 3185, 348.439, 8
711, 5.0, 5, 3313, 392.9218, 8
712, 5.0, 5, 4244, 475.328, 8
713, 5.0, 5, 3859, 469.2544, 8
714, 5.0, 5, 3061, 382.625, 8
715, 5.0, 5, 3611, 440.542, 8
716, 5.0, 5, 4307, 484.1068, 8
717, 5.0, 5, 3958, 449.6288, 8
718, 5.0, 5, 3531, 435.7254, 8
719, 5.0, 5, 4946, 607.3688, 8
720, 5.0, 5, 4191, 543.9918, 8
721, 5.0, 5, 4661, 415.7612, 8
722, 5.0, 5, 2857, 315.9842, 8
723, 5.0, 5, 5998, 826.5244, 8
724, 5.0, 5, 3434, 433.3708, 8
725, 5.0, 5, 3930, 448.806, 8
726, 5.0, 5, 4261, 566.713, 8
727, 5.0, 5, 4279, 497.2198, 8
728, 5.0, 5, 3947, 457.0626, 8
729, 5.0, 5, 3568, 441.7184, 8
730, 5.0, 5, 5230, 617.14, 8
731, 5.0, 5, 5110, 564.144, 8
732, 5.0, 5, 4697, 665.0952, 8
733, 5.0, 5, 3427, 427.0042, 8
734, 5.0, 5, 4240, 446.896, 8
735, 5.0, 5, 4048, 446.8992, 8
736, 5.0, 5, 4971, 663.1314, 8
737, 5.0, 5, 4806, 644.9652, 8
738, 5.0, 5, 4009, 562.8636, 8
739, 5.0, 5, 2935, 347.504, 8
740, 5.0, 5, 4083, 437.6976, 8
741, 5.0, 5, 4460, 551.256, 8
742, 5.0, 5, 2793, 388.7856, 8
743, 5.0, 5, 3423, 442.9362, 8
744, 5.0, 5, 3088, 344.0032, 8
745, 5.0, 5, 3408, 423.9552, 8
746, 5.0, 5, 3901, 445.4942, 8
747, 5.0, 5, 5191, 744.3894, 8
748, 5.0, 5, 3854, 442.4392, 8
749, 5.0, 5, 3882, 494.5668, 8
750, 5.0, 5, 2710, 384.82, 8
751, 5.0, 5, 2500, 338.5, 8
752, 5.0, 5, 5570, 655.032, 8
753, 5.0, 5, 3949, 536.2742, 8
754, 5.0, 5, 4749, 529.9884, 8
755, 5.0, 5, 4123, 424.669, 8
756, 5.0, 5, 2024, 283.7648, 8
757, 5.0, 5, 4013, 492.7964, 8
758, 5.0, 5, 4756, 492.7216, 8
759, 5.0, 5, 4562, 600.3592, 8
760, 5.0, 5, 4990, 505.986, 8
761, 5.0, 5, 4711, 507.8458, 8
762, 5.0, 5, 3814, 478.2756, 8
763, 5.0, 5, 3945, 432.372, 8
764, 5.0, 5, 4895, 473.836, 8
765, 5.0, 5, 4640, 784.16, 8
766, 5.0, 5, 4454, 544.2788, 8
767, 5.0, 5, 4010, 458.744, 8
768, 5.0, 5, 3848, 456.3728, 8
769, 5.0, 5, 2577, 335.5254, 8
770, 5.0, 5, 5014, 658.8396, 8
771, 5.0, 5, 2221, 285.6206, 8
772, 5.0, 5, 4524, 452.4, 8
773, 5.0, 5, 4194, 526.7664, 8
774, 5.0, 5, 3350, 422.77, 8
775, 5.0, 5, 5387, 714.3162, 8
776, 5.0, 5, 3386, 376.5232, 8
777, 5.0, 5, 5064, 638.064, 8
778, 5.0, 5, 3136, 370.6752, 8
779, 5.0, 5, 3776, 487.8592, 8
780, 5.0, 5, 3417, 416.874, 8
781, 5.0, 5, 3680, 465.888, 8
782, 5.0, 5, 4136, 445.8608, 8
783, 5.0, 5, 4118, 476.8644, 8
784, 5.0, 5, 4162, 475.3004, 8
785, 5.0, 5, 3597, 435.9564, 8
786, 5.0, 5, 2659, 344.6064, 8
787, 5.0, 5, 3389, 408.7134, 8
788, 5.0, 5, 3725, 431.355, 8
789, 5.0, 5, 3905, 446.732, 8
790, 5.0, 5, 4140, 511.704, 8
791, 5.0, 5, 5076, 626.3784, 8
792, 5.0, 5, 4837, 574.6356, 8
793, 5.0, 5, 3931, 378.1622, 8
794, 5.0, 5, 3693, 381.8562, 8
795, 5.0, 5, 3855, 434.844, 8
796, 5.0, 5, 4593, 481.000202, 8
797, 5.0, 5, 3312, 361.008, 8
798, 5.0, 5, 3844, 488.9568, 8
799, 5.0, 5, 4252, 542.5552, 8
800, 5.0, 5, 5052, 631.5, 8
801, 5.0, 5, 3587, 429.7226, 8
802, 15.0, 15, 4427, 231.3917, 8
803, 15.0, 15, 4698, 260.5824, 8
804, 15.0, 15, 2677, 143.6592, 8
805, 15.0, 15, 2478, 143.3936, 8
806, 15.0, 15, 5079, 274.9432, 8
807, 15.0, 15, 4892, 269.3919, 8
808, 15.0, 15, 4555, 252.0377, 8
809, 15.0, 15, 3970, 214.6384, 8
810, 15.0, 15, 3871, 199.478, 8
811, 15.0, 15, 5005, 299.6293, 8
812, 15.0, 15, 3874, 205.8318, 8
813, 15.0, 15, 2969, 167.4567, 8
814, 15.0, 15, 4597, 239.3432, 8
815, 15.0, 15, 4732, 248.5807, 8
816, 15.0, 15, 3568, 188.8593, 8
817, 15.0, 15, 4536, 274.2768, 8
818, 15.0, 15, 4013, 231.9558, 8
819, 15.0, 15, 5096, 273.8315, 8
820, 15.0, 15, 3628, 208.2426, 8
821, 15.0, 15, 5257, 296.4897, 8
822, 15.0, 15, 1881, 98.5644, 8
823, 15.0, 15, 4129, 242.7813, 8
824, 15.0, 15, 5434, 298.8642, 8
825, 15.0, 15, 3242, 178.5319, 8
826, 15.0, 15, 4478, 246.8928, 8
827, 15.0, 15, 4695, 262.92, 8
828, 15.0, 15, 4833, 272.259, 8
829, 15.0, 15, 4734, 266.3664, 8
830, 15.0, 15, 2716, 146.2955, 8
831, 15.0, 15, 4890, 268.624, 8
832, 15.0, 15, 3828, 210.2848, 8
833, 15.0, 15, 2948, 167.4513, 8
834, 15.0, 15, 3405, 179.784, 8
835, 15.0, 15, 4412, 242.9599, 8
836, 15.0, 15, 5347, 312.6172, 8
837, 15.0, 15, 4166, 217.4724, 8
838, 15.0, 15, 4096, 226.9128, 8
839, 15.0, 15, 2622, 136.1692, 8
840, 15.0, 15, 2610, 139.722, 8
841, 15.0, 15, 4636, 255.9015, 8
842, 15.0, 15, 3771, 204.3882, 8
843, 15.0, 15, 3136, 172.056, 8
844, 15.0, 15, 3401, 196.8089, 8
845, 15.0, 15, 5185, 269.267, 8
846, 15.0, 15, 3621, 206.397, 8
847, 15.0, 15, 2773, 169.52, 8
848, 15.0, 15, 3470, 179.0595, 8
849, 15.0, 15, 3997, 218.2302, 8
850, 15.0, 15, 4160, 216.3273, 8
851, 15.0, 15, 2819, 151.2928, 8
852, 15.0, 15, 4125, 222.2, 8
853, 15.0, 15, 3607, 199.1007, 8
854, 15.0, 15, 3447, 189.585, 8
855, 15.0, 15, 1859, 106.959, 8
856, 15.0, 15, 4715, 263.1024, 8
857, 15.0, 15, 3526, 191.5732, 8
858, 15.0, 15, 3869, 208.6744, 8
859, 15.0, 15, 3937, 223.8792, 8
860, 15.0, 15, 4552, 246.7122, 8
861, 15.0, 15, 4163, 227.5833, 8
862, 15.0, 15, 2712, 147.352, 8
863, 15.0, 15, 4449, 235.2038, 8
864, 15.0, 15, 5585, 312.393, 8
865, 15.0, 15, 3422, 189.5844, 8
866, 15.0, 15, 3555, 195.288, 8
867, 15.0, 15, 3049, 168.5024, 8
868, 15.0, 15, 5657, 314.5347, 8
869, 15.0, 15, 5172, 271.3576, 8
870, 15.0, 15, 3139, 173.895, 8
871, 15.0, 15, 4951, 256.7845, 8
872, 15.0, 15, 2580, 142.244, 8
873, 15.0, 15, 4245, 233.475, 8
874, 15.0, 15, 4486, 258.3891, 8
875, 15.0, 15, 3280, 187.83, 8
876, 15.0, 15, 4742, 282.6267, 8
877, 15.0, 15, 3498, 191.224, 8
878, 15.0, 15, 3651, 218.5732, 8
879, 15.0, 15, 5201, 281.5537, 8
880, 15.0, 15, 5181, 286.3366, 8
881, 15.0, 15, 4266, 231.786, 8
882, 15.0, 15, 4205, 235.7656, 8
883, 15.0, 15, 5491, 294.6772, 8
884, 15.0, 15, 2776, 149.1573, 8
885, 15.0, 15, 3854, 206.5809, 8
886, 15.0, 15, 4003, 242.8457, 8
887, 15.0, 15, 4692, 271.1976, 8
888, 15.0, 15, 3952, 202.8617, 8
889, 15.0, 15, 3967, 239.6037, 8
890, 15.0, 15, 4248, 230.2416, 8
891, 15.0, 15, 4861, 258.5985, 8
892, 15.0, 15, 5127, 287.4538, 8
893, 15.0, 15, 5472, 282.72, 8
894, 15.0, 15, 3954, 201.9176, 8
895, 15.0, 15, 3502, 192.6042, 8
896, 15.0, 15, 4086, 229.3608, 8
897, 15.0, 15, 4936, 267.8541, 8
898, 15.0, 15, 5083, 287.6928, 8
899, 15.0, 15, 3928, 215.5104, 8
900, 15.0, 15, 3196, 174.9218, 8
901, 15.0, 15, 4312, 226.8042, 8
902, 10.0, 10, 347, 28.3152, 5
903, 10.0, 10, 286, 22.9944, 5
904, 10.0, 10, 252, 19.656, 5
905, 10.0, 10, 270, 22.329, 5
906, 10.0, 10, 148, 12.2396, 5
907, 10.0, 10, 269, 23.9948, 5
908, 10.0, 10, 256, 21.3248, 5
909, 10.0, 10, 333, 26.973, 5
910, 10.0, 10, 211, 17.9983, 5
911, 10.0, 10, 184, 15.3272, 5
912, 10.0, 10, 215, 18.49, 5
913, 10.0, 10, 257, 19.9946, 5
914, 10.0, 10, 287, 26.3179, 5
915, 10.0, 10, 202, 16.4832, 5
916, 10.0, 10, 179, 14.32, 5
917, 10.0, 10, 217, 19.313, 5
918, 10.0, 10, 288, 24.9984, 5
919, 10.0, 10, 329, 27.9979, 5
920, 10.0, 10, 284, 23.6572, 5
921, 10.0, 10, 258, 20.9754, 5
922, 10.0, 10, 254, 21.9964, 5
923, 10.0, 10, 210, 18.249, 5
924, 10.0, 10, 238, 19.7302, 5
925, 10.0, 10, 289, 23.3223, 5
926, 10.0, 10, 217, 18.9875, 5
927, 10.0, 10, 178, 14.9876, 5
928, 10.0, 10, 243, 21.6513, 5
929, 10.0, 10, 252, 21.9996, 5
930, 10.0, 10, 295, 24.485, 5
931, 10.0, 10, 241, 19.9789, 5
932, 10.0, 10, 306, 24.327, 5
933, 10.0, 10, 157, 13.4863, 5
934, 10.0, 10, 264, 20.724, 5
935, 10.0, 10, 163, 13.1867, 5
936, 10.0, 10, 174, 14.79, 5
937, 10.0, 10, 308, 24.9788, 5
938, 10.0, 10, 260, 22.23, 5
939, 10.0, 10, 209, 17.1798, 5
940, 10.0, 10, 280, 23.324, 5
941, 10.0, 10, 288, 24.9984, 5
942, 10.0, 10, 232, 18.4904, 5
943, 10.0, 10, 294, 24.4902, 5
944, 10.0, 10, 246, 20.4918, 5
945, 10.0, 10, 408, 32.3136, 5
946, 10.0, 10, 333, 27.4725, 5
947, 10.0, 10, 244, 20.496, 5
948, 10.0, 10, 207, 16.7463, 5
949, 10.0, 10, 262, 24.3136, 5
950, 10.0, 10, 278, 22.9906, 5
951, 10.0, 10, 211, 17.4919, 5
952, 10.0, 10, 320, 25.000012, 5
953, 10.0, 10, 321, 26.643, 5
954, 10.0, 10, 196, 15.9936, 5
955, 10.0, 10, 331, 28.9956, 5
956, 10.0, 10, 261, 22.4982, 5
957, 10.0, 10, 290, 22.33, 5
958, 10.0, 10, 285, 23.655, 5
959, 10.0, 10, 193, 15.500003, 5
960, 10.0, 10, 295, 24.662, 5
961, 10.0, 10, 214, 17.7406, 5
962, 10.0, 10, 238, 19.5874, 5
963, 10.0, 10, 283, 23.9984, 5
964, 10.0, 10, 248, 19.4928, 5
965, 10.0, 10, 211, 18.4836, 5
966, 10.0, 10, 341, 26.3252, 5
967, 10.0, 10, 169, 14.1622, 5
968, 10.0, 10, 257, 20.9969, 5
969, 10.0, 10, 251, 20.000008, 5
970, 10.0, 10, 266, 22.743, 5
971, 10.0, 10, 252, 20.9916, 5
972, 10.0, 10, 286, 22.9944, 5
973, 10.0, 10, 245, 19.3305, 5
974, 10.0, 10, 262, 21.3268, 5
975, 10.0, 10, 220, 18.986, 5
976, 10.0, 10, 145, 11.9915, 5
977, 10.0, 10, 216, 16.4808, 5
978, 10.0, 10, 226, 19.2326, 5
979, 10.0, 10, 310, 26.319, 5
980, 10.0, 10, 295, 23.9835, 5
981, 10.0, 10, 244, 19.9836, 5
982, 10.0, 10, 293, 24.2311, 5
983, 10.0, 10, 299, 24.9964, 5
984, 10.0, 10, 250, 21.5, 5
985, 10.0, 10, 240, 19.992, 5
986, 10.0, 10, 278, 22.4902, 5
987, 10.0, 10, 229, 17.9994, 5
988, 10.0, 10, 214, 18.6608, 5
989, 10.0, 10, 202, 17.3316, 5
990, 10.0, 10, 258, 22.4976, 5
991, 10.0, 10, 293, 22.4731, 5
992, 10.0, 10, 256, 22.3232, 5
993, 10.0, 10, 149, 12.7991, 5
994, 10.0, 10, 253, 20.999, 5
995, 10.0, 10, 241, 19.9789, 5
996, 10.0, 10, 300, 24.48, 5
997, 10.0, 10, 193, 15.7488, 5
998, 10.0, 10, 241, 19.6656, 5
999, 10.0, 10, 230, 20.654, 5
1000, 10.0, 10, 164, 15.3996, 5
1001, 10.0, 10, 227, 18.2281, 5
1002, 10.0, 10, 172, 16.1508, 5
1003, 10.0, 10, 215, 19.737, 5
1004, 10.0, 10, 222, 17.649, 5
1005, 10.0, 10, 127, 10.9982, 5
1006, 10.0, 10, 230, 18.745, 5
1007, 10.0, 10, 114, 9.747, 5
1008, 10.0, 10, 329, 28.9849, 5
1009, 10.0, 10, 365, 30.9885, 5
1010, 10.0, 10, 227, 19.2496, 5
1011, 10.0, 10, 245, 20.727, 5
1012, 10.0, 10, 210, 18.648, 5
1013, 10.0, 10, 345, 28.635, 5
1014, 10.0, 10, 197, 17.2375, 5
1015, 10.0, 10, 305, 24.9795, 5
1016, 10.0, 10, 224, 19.488, 5
1017, 10.0, 10, 340, 28.968, 5
1018, 10.0, 10, 192, 16.8, 5
1019, 10.0, 10, 216, 17.2368, 5
1020, 10.0, 10, 283, 24.6493, 5
1021, 10.0, 10, 392, 31.9872, 5
1022, 10.0, 10, 419, 33.3105, 5
1023, 10.0, 10, 248, 19.6664, 5
1024, 10.0, 10, 275, 22.66, 5
1025, 10.0, 10, 315, 26.9955, 5
1026, 10.0, 10, 201, 17.7483, 5
1027, 10.0, 10, 210, 17.997, 5
1028, 10.0, 10, 312, 26.3328, 5
1029, 10.0, 10, 331, 29.3266, 5
1030, 10.0, 10, 241, 19.9789, 5
1031, 10.0, 10, 159, 13.992, 5
1032, 10.0, 10, 214, 17.9974, 5
1033, 10.0, 10, 240, 22.248, 5
1034, 10.0, 10, 255, 20.9865, 5
1035, 10.0, 10, 228, 19.7904, 5
1036, 10.0, 10, 162, 14.1588, 5
1037, 10.0, 10, 97, 7.7406, 5
1038, 10.0, 10, 259, 22.9992, 5
1039, 10.0, 10, 242, 21.4896, 5
1040, 10.0, 10, 201, 17.2458, 5
1041, 10.0, 10, 236, 20.9804, 5
1042, 10.0, 10, 258, 21.9816, 5
1043, 10.0, 10, 225, 18.99, 5
1044, 10.0, 10, 293, 23.2349, 5
1045, 10.0, 10, 134, 10.7468, 5
1046, 10.0, 10, 401, 31.9998, 5
1047, 10.0, 10, 200, 16.32, 5
1048, 10.0, 10, 304, 24.9888, 5
1049, 10.0, 10, 282, 25.4928, 5
1050, 10.0, 10, 304, 26.3264, 5
1051, 10.0, 10, 244, 19.3248, 5
1052, 10.0, 10, 200, 16.24, 5
1053, 10.0, 10, 137, 11.2477, 5
1054, 10.0, 10, 296, 24.9824, 5
1055, 10.0, 10, 309, 24.72, 5
1056, 10.0, 10, 274, 21.9748, 5
1057, 10.0, 10, 302, 24.7338, 5
1058, 10.0, 10, 204, 15.4836, 5
1059, 10.0, 10, 320, 27.000012, 5
1060, 10.0, 10, 182, 16.9988, 5
1061, 10.0, 10, 289, 24.4783, 5
1062, 10.0, 10, 115, 9.500002, 5
1063, 10.0, 10, 232, 20.7408, 5
1064, 10.0, 10, 337, 24.9717, 5
1065, 10.0, 10, 244, 23.4972, 5
1066, 10.0, 10, 301, 25.4947, 5
1067, 10.0, 10, 317, 26.6597, 5
1068, 10.0, 10, 281, 23.4916, 5
1069, 10.0, 10, 319, 24.4992, 5
1070, 10.0, 10, 320, 27.648, 5
1071, 10.0, 10, 381, 32.3088, 5
1072, 10.0, 10, 243, 19.3914, 5
1073, 10.0, 10, 170, 14.994, 5
1074, 10.0, 10, 228, 17.4876, 5
1075, 10.0, 10, 195, 15.99, 5
1076, 10.0, 10, 282, 22.983, 5
1077, 10.0, 10, 161, 12.9927, 5
1078, 10.0, 10, 301, 26.488, 5
1079, 10.0, 10, 214, 19.2386, 5
1080, 10.0, 10, 295, 23.482, 5
1081, 10.0, 10, 231, 18.3876, 5
1082, 10.0, 10, 245, 19.649, 5
1083, 10.0, 10, 297, 23.9976, 5
1084, 10.0, 10, 301, 25.6452, 5
1085, 10.0, 10, 227, 19.9987, 5
1086, 10.0, 10, 327, 27.6642, 5
1087, 10.0, 10, 168, 13.9944, 5
1088, 10.0, 10, 351, 28.6416, 5
1089, 10.0, 10, 263, 21.9868, 5
1090, 10.0, 10, 317, 27.6424, 5
1091, 10.0, 10, 195, 18.3885, 5
1092, 10.0, 10, 329, 28.000006, 5
1093, 10.0, 10, 141, 12.9861, 5
1094, 10.0, 10, 186, 14.4894, 5
1095, 10.0, 10, 338, 27.6484, 5
1096, 10.0, 10, 170, 15.487, 5
1097, 10.0, 10, 240, 19.32, 5
1098, 10.0, 10, 300, 26.64, 5
1099, 10.0, 10, 197, 16.5874, 5
1100, 10.0, 10, 156, 13.494, 5
1101, 10.0, 10, 339, 28.6455, 5
1102, 10.0, 10, 340, 27.472, 5
1103, 10.0, 10, 348, 31.9812, 5
1104, 10.0, 10, 228, 17.784, 5
1105, 10.0, 10, 156, 12.000006, 5
1106, 10.0, 10, 218, 19.9906, 5
1107, 10.0, 10, 197, 16.6662, 5
1108, 10.0, 10, 126, 11.9952, 5
1109, 10.0, 10, 267, 21.9741, 5
1110, 10.0, 10, 251, 20.2306, 5
1111, 10.0, 10, 198, 16.9884, 5
1112, 10.0, 10, 307, 25.6652, 5
1113, 10.0, 10, 190, 15.333, 5
1114, 10.0, 10, 265, 22.9755, 5
1115, 10.0, 10, 230, 19.987, 5
1116, 10.0, 10, 291, 23.9784, 5
1117, 10.0, 10, 252, 22.9824, 5
1118, 10.0, 10, 303, 24.7248, 5
1119, 10.0, 10, 224, 18.2336, 5
1120, 10.0, 10, 248, 21.9976, 5
1121, 10.0, 10, 268, 21.3328, 5
1122, 10.0, 10, 296, 22.9992, 5
1123, 10.0, 10, 203, 18.4933, 5
1124, 10.0, 10, 108, 9.4932, 5
1125, 10.0, 10, 291, 22.989, 5
1126, 10.0, 10, 248, 19.9888, 5
1127, 10.0, 10, 168, 14.4984, 5
1128, 10.0, 10, 224, 19.7344, 5
1129, 10.0, 10, 299, 23.9798, 5
1130, 10.0, 10, 319, 26.9874, 5
1131, 10.0, 10, 132, 10.000005, 5
1132, 10.0, 10, 357, 29.3097, 5
1133, 10.0, 10, 338, 27.6484, 5
1134, 10.0, 10, 192, 15.1488, 5
1135, 10.0, 10, 259, 24.7345, 5
1136, 10.0, 10, 170, 13.991, 5
1137, 10.0, 10, 273, 24.4881, 5
1138, 10.0, 10, 240, 21.24, 5
1139, 10.0, 10, 251, 19.1764, 5
1140, 10.0, 10, 320, 29.664, 5
1141, 10.0, 10, 329, 27.307, 5
1142, 10.0, 10, 278, 23.6578, 5
1143, 10.0, 10, 164, 14.3992, 5
1144, 10.0, 10, 285, 25.308, 5
1145, 10.0, 10, 248, 20.4848, 5
1146, 10.0, 10, 299, 23.9798, 5
1147, 10.0, 10, 395, 32.311, 5
1148, 10.0, 10, 196, 15.9936, 5
1149, 5.0, 5, 170, 23.324, 5
1150, 5.0, 5, 317, 45.965, 5
1151, 5.0, 5, 142, 22.3224, 5
1152, 5.0, 5, 304, 45.4784, 5
1153, 5.0, 5, 198, 30.9672, 5
1154, 5.0, 5, 324, 40.5, 5
1155, 5.0, 5, 218, 28.994, 5
1156, 5.0, 5, 237, 41.001, 5
1157, 5.0, 5, 197, 33.49, 5
1158, 5.0, 5, 247, 37.0006, 5
1159, 5.0, 5, 293, 41.4888, 5
1160, 5.0, 5, 232, 33.5008, 5
1161, 5.0, 5, 259, 34.4988, 5
1162, 5.0, 5, 110, 14.982, 5
1163, 5.0, 5, 260, 36.452, 5
1164, 5.0, 5, 111, 16.983, 5
1165, 5.0, 5, 237, 33.9858, 5
1166, 5.0, 5, 189, 26.4978, 5
1167, 5.0, 5, 195, 33.969, 5
1168, 5.0, 5, 304, 44.992, 5
1169, 5.0, 5, 214, 33.9832, 5
1170, 5.0, 5, 268, 46.9536, 5
1171, 5.0, 5, 205, 36.982, 5
1172, 5.0, 5, 294, 45.4524, 5
1173, 5.0, 5, 332, 48.472, 5
1174, 5.0, 5, 177, 27.6474, 5
1175, 5.0, 5, 333, 45.954, 5
1176, 5.0, 5, 267, 40.9578, 5
1177, 5.0, 5, 158, 23.9844, 5
1178, 5.0, 5, 193, 29.9922, 5
1179, 5.0, 5, 297, 45.5004, 5
1180, 5.0, 5, 334, 47.4948, 5
1181, 5.0, 5, 326, 49.4868, 5
1182, 5.0, 5, 173, 26.469, 5
1183, 5.0, 5, 200, 37.0, 5
1184, 5.0, 5, 217, 30.2932, 5
1185, 5.0, 5, 302, 39.9848, 5
1186, 5.0, 5, 359, 47.9624, 5
1187, 5.0, 5, 365, 61.977, 5
1188, 5.0, 5, 259, 37.4514, 5
1189, 5.0, 5, 307, 42.98, 5
1190, 5.0, 5, 235, 36.989, 5
1191, 5.0, 5, 232, 33.9648, 5
1192, 5.0, 5, 256, 37.9904, 5
1193, 5.0, 5, 204, 36.4752, 5
1194, 5.0, 5, 383, 51.9348, 5
1195, 5.0, 5, 161, 22.9908, 5
1196, 5.0, 5, 329, 46.4548, 5
1197, 5.0, 5, 236, 33.4648, 5
1198, 5.0, 5, 312, 48.4848, 5
1199, 5.0, 5, 335, 46.498, 5
1200, 5.0, 5, 219, 33.4632, 5
1201, 5.0, 5, 265, 40.00016, 5
1202, 5.0, 5, 247, 33.4932, 5
1203, 5.0, 5, 232, 32.48, 5
1204, 5.0, 5, 190, 29.982, 5
1205, 5.0, 5, 242, 36.9776, 5
1206, 5.0, 5, 170, 26.996, 5
1207, 5.0, 5, 226, 32.6344, 5
1208, 5.0, 5, 250, 36.0, 5
1209, 5.0, 5, 246, 42.4596, 5
1210, 5.0, 5, 253, 43.9714, 5
1211, 5.0, 5, 109, 15.4998, 5
1212, 5.0, 5, 231, 33.957, 5
1213, 5.0, 5, 295, 38.999, 5
1214, 5.0, 5, 225, 39.96, 5
1215, 5.0, 5, 266, 37.4528, 5
1216, 5.0, 5, 331, 46.9358, 5
1217, 5.0, 5, 269, 32.9794, 5
1218, 5.0, 5, 291, 49.47, 5
1219, 5.0, 5, 197, 24.9796, 5
1220, 5.0, 5, 243, 33.9714, 5
1221, 5.0, 5, 256, 36.9664, 5
1222, 5.0, 5, 130, 17.992, 5
1223, 5.0, 5, 173, 28.9948, 5
1224, 5.0, 5, 276, 40.9584, 5
1225, 5.0, 5, 216, 30.9744, 5
1226, 5.0, 5, 392, 67.9728, 5
1227, 5.0, 5, 172, 24.9744, 5
1228, 5.0, 5, 144, 20.9952, 5
1229, 5.0, 5, 194, 29.3328, 5
1230, 5.0, 5, 297, 43.956, 5
1231, 5.0, 5, 237, 28.9614, 5
1232, 5.0, 5, 155, 24.304, 5
1233, 5.0, 5, 182, 27.482, 5
1234, 5.0, 5, 194, 30.9624, 5
1235, 5.0, 5, 295, 48.97, 5
1236, 5.0, 5, 256, 34.4576, 5
1237, 5.0, 5, 192, 28.992, 5
1238, 5.0, 5, 294, 40.000016, 5
1239, 5.0, 5, 262, 48.994, 5
1240, 5.0, 5, 274, 41.9768, 5
1241, 5.0, 5, 387, 66.951, 5
1242, 5.0, 5, 213, 27.9882, 5
1243, 5.0, 5, 240, 36.96, 5
1244, 5.0, 5, 390, 47.97, 5
1245, 5.0, 5, 219, 31.4922, 5
1246, 5.0, 5, 216, 29.9808, 5
1247, 5.0, 5, 397, 54.9448, 5
1248, 5.0, 5, 112, 15.9936, 5
1249, 5.0, 5, 336, 47.9808, 5
1250, 5.0, 5, 249, 41.9814, 5
1251, 5.0, 5, 264, 41.5008, 5
1252, 5.0, 5, 327, 43.9488, 5
1253, 5.0, 5, 244, 32.5008, 5
1254, 5.0, 5, 318, 47.9544, 5
1255, 5.0, 5, 284, 39.9872, 5
1256, 5.0, 5, 298, 43.9848, 5
1257, 5.0, 5, 163, 23.9936, 5
1258, 5.0, 5, 206, 29.000014, 5
1259, 5.0, 5, 370, 44.992, 5
1260, 5.0, 5, 249, 35.9556, 5
1261, 5.0, 5, 239, 33.9858, 5
1262, 5.0, 5, 190, 29.982, 5
1263, 5.0, 5, 227, 32.461, 5
1264, 5.0, 5, 372, 46.9464, 5
1265, 5.0, 5, 353, 49.9848, 5
1266, 5.0, 5, 188, 25.9816, 5
1267, 5.0, 5, 244, 41.968, 5
1268, 5.0, 5, 377, 47.9544, 5
1269, 5.0, 5, 232, 32.000012, 5
1270, 5.0, 5, 237, 37.9674, 5
1271, 5.0, 5, 196, 26.00001, 5
1272, 5.0, 5, 334, 49.4988, 5
1273, 5.0, 5, 320, 49.472, 5
1274, 5.0, 5, 261, 38.0016, 5
1275, 5.0, 5, 248, 35.464, 5
1276, 5.0, 5, 228, 30.324, 5
1277, 5.0, 5, 294, 45.4524, 5
1278, 5.0, 5, 289, 32.946, 5
1279, 5.0, 5, 311, 42.9802, 5
1280, 5.0, 5, 203, 32.48, 5
1281, 5.0, 5, 361, 48.9516, 5
1282, 5.0, 5, 293, 43.95, 5
1283, 5.0, 5, 182, 31.9956, 5
1284, 5.0, 5, 166, 23.9704, 5
1285, 5.0, 5, 309, 45.9792, 5
1286, 5.0, 5, 290, 42.456, 5
1287, 5.0, 5, 228, 31.6464, 5
1288, 5.0, 5, 259, 39.9896, 5
1289, 5.0, 5, 285, 48.45, 5
1290, 5.0, 5, 323, 40.9564, 5
1291, 5.0, 5, 318, 43.9476, 5
1292, 5.0, 5, 275, 37.455, 5
1293, 5.0, 5, 162, 22.9716, 5
1294, 5.0, 5, 145, 22.475, 5
1295, 5.0, 5, 256, 37.4784, 5
1296, 5.0, 5, 96, 12.9984, 5
1297, 5.0, 5, 182, 25.298, 5
1298, 5.0, 5, 277, 44.9848, 5
1299, 5.0, 5, 310, 43.958, 5
1300, 5.0, 5, 227, 36.9556, 5
1301, 5.0, 5, 342, 43.434, 5
1302, 5.0, 5, 242, 32.9604, 5
1303, 5.0, 5, 317, 43.4924, 5
1304, 5.0, 5, 297, 43.4808, 5
1305, 5.0, 5, 193, 26.9814, 5
1306, 5.0, 5, 137, 17.9744, 5
1307, 5.0, 5, 94, 13.9872, 5
1308, 5.0, 5, 375, 46.95, 5
1309, 5.0, 5, 236, 29.972, 5
1310, 5.0, 5, 74, 9.99, 5
1311, 5.0, 5, 96, 13.6512, 5
1312, 5.0, 5, 328, 47.4944, 5
1313, 5.0, 5, 273, 36.4728, 5
1314, 5.0, 5, 114, 19.3116, 5
1315, 5.0, 5, 216, 28.9872, 5
1316, 5.0, 5, 167, 25.9852, 5
1317, 5.0, 5, 263, 43.5002, 5
1318, 5.0, 5, 211, 28.9914, 5
1319, 5.0, 5, 144, 22.6656, 5
1320, 5.0, 5, 191, 26.9692, 5
1321, 5.0, 5, 215, 27.477, 5
1322, 5.0, 5, 131, 19.9906, 5
1323, 5.0, 5, 339, 46.443, 5
1324, 5.0, 5, 215, 35.991, 5
1325, 5.0, 5, 290, 43.5, 5
1326, 5.0, 5, 202, 29.3304, 5
1327, 5.0, 5, 255, 36.465, 5
1328, 5.0, 5, 348, 47.4672, 5
1329, 5.0, 5, 250, 40.5, 5
1330, 5.0, 5, 194, 26.966, 5
1331, 5.0, 5, 258, 34.9848, 5
1332, 5.0, 5, 222, 35.4756, 5
1333, 5.0, 5, 312, 48.984, 5
1334, 5.0, 5, 280, 42.952, 5
1335, 5.0, 5, 204, 32.9664, 5
1336, 5.0, 5, 314, 49.9888, 5
1337, 5.0, 5, 341, 44.4664, 5
1338, 5.0, 5, 325, 46.475, 5
1339, 5.0, 5, 313, 46.4492, 5
1340, 5.0, 5, 247, 37.4946, 5
1341, 5.0, 5, 222, 28.9932, 5
1342, 5.0, 5, 225, 29.97, 5
1343, 5.0, 5, 193, 28.9886, 5
1344, 5.0, 5, 154, 23.9932, 5
1345, 5.0, 5, 257, 35.98, 5
1346, 5.0, 5, 359, 47.4598, 5
1347, 5.0, 5, 231, 27.9972, 5
1348, 5.0, 5, 189, 30.3156, 5
1349, 5.0, 5, 221, 29.9676, 5
1350, 5.0, 5, 239, 32.982, 5
1351, 5.0, 5, 195, 28.977, 5
1352, 5.0, 5, 171, 28.9674, 5
1353, 5.0, 5, 341, 47.4672, 5
1354, 5.0, 5, 195, 29.484, 5
1355, 5.0, 5, 141, 18.9786, 5
1356, 5.0, 5, 204, 29.6616, 5
1357, 5.0, 5, 192, 30.4896, 5
1358, 5.0, 5, 245, 40.474, 5
1359, 5.0, 5, 362, 52.9968, 5
1360, 5.0, 5, 179, 27.9956, 5
1361, 5.0, 5, 329, 46.4548, 5
1362, 5.0, 5, 306, 49.4496, 5
1363, 5.0, 5, 247, 37.0006, 5
1364, 5.0, 5, 257, 41.4798, 5
1365, 5.0, 5, 262, 39.4572, 5
1366, 5.0, 5, 313, 48.4524, 5
1367, 5.0, 5, 369, 59.9994, 5
1368, 5.0, 5, 239, 31.6436, 5
1369, 5.0, 5, 345, 49.000022, 5
1370, 5.0, 5, 257, 37.4706, 5
1371, 5.0, 5, 279, 34.9866, 5
1372, 5.0, 5, 182, 27.664, 5
1373, 5.0, 5, 349, 46.9754, 5
1374, 5.0, 5, 223, 27.652, 5
1375, 5.0, 5, 313, 49.454, 5
1376, 5.0, 5, 242, 38.962, 5
1377, 5.0, 5, 145, 19.981, 5
1378, 5.0, 5, 210, 36.498, 5
1379, 5.0, 5, 358, 48.4732, 5
1380, 5.0, 5, 206, 29.9936, 5
1381, 5.0, 5, 312, 42.9936, 5
1382, 5.0, 5, 272, 41.9968, 5
1383, 5.0, 5, 202, 29.9768, 5
1384, 5.0, 5, 236, 33.3232, 5
1385, 5.0, 5, 230, 33.994, 5
1386, 5.0, 5, 244, 37.9664, 5
1387, 15.0, 15, 194, 11.2434, 5
1388, 15.0, 15, 188, 12.3333, 5
1389, 15.0, 15, 205, 11.000002, 5
1390, 15.0, 15, 232, 14.3197, 5
1391, 15.0, 15, 160, 9.6609, 5
1392, 15.0, 15, 115, 7.4973, 5
1393, 15.0, 15, 380, 23.9924, 5
1394, 15.0, 15, 136, 7.6198, 5
1395, 15.0, 15, 148, 8.7084, 5
1396, 15.0, 15, 290, 16.998, 5
1397, 15.0, 15, 279, 16.2378, 5
1398, 15.0, 15, 229, 13.9968, 5
1399, 15.0, 15, 281, 16.9942, 5
1400, 15.0, 15, 279, 15.159, 5
1401, 15.0, 15, 261, 14.9988, 5
1402, 15.0, 15, 189, 11.9952, 5
1403, 15.0, 15, 220, 12.2412, 5
1404, 15.0, 15, 315, 18.396, 5
1405, 15.0, 15, 277, 15.9877, 5
1406, 15.0, 15, 115, 6.2653, 5
1407, 15.0, 15, 201, 11.8456, 5
1408, 15.0, 15, 304, 17.5871, 5
1409, 15.0, 15, 239, 14.8203, 5
1410, 15.0, 15, 157, 9.5952, 5
1411, 15.0, 15, 105, 6.328, 5
1412, 15.0, 15, 376, 21.7284, 5
1413, 15.0, 15, 261, 16.5996, 5
1414, 15.0, 15, 296, 17.3299, 5
1415, 15.0, 15, 340, 21.2366, 5
1416, 15.0, 15, 294, 17.738, 5
1417, 15.0, 15, 299, 17.3861, 5
1418, 15.0, 15, 184, 10.7907, 5
1419, 15.0, 15, 201, 11.993, 5
1420, 15.0, 15, 308, 17.6633, 5
1421, 15.0, 15, 346, 18.978, 5
1422, 15.0, 15, 139, 8.2809, 5
1423, 15.0, 15, 96, 5.664, 5
1424, 15.0, 15, 330, 19.998, 5
1425, 15.0, 15, 209, 12.8213, 5
1426, 15.0, 15, 180, 10.5, 5
1427, 15.0, 15, 229, 13.2471, 5
1428, 15.0, 15, 175, 9.9936, 5
1429, 15.0, 15, 367, 20.7427, 5
1430, 15.0, 15, 157, 9.1332, 5
1431, 15.0, 15, 316, 18.7879, 5
1432, 15.0, 15, 243, 14.1912, 5
1433, 15.0, 15, 230, 13.788, 5
1434, 15.0, 15, 241, 13.7966, 5
1435, 15.0, 15, 246, 14.596, 5
1436, 15.0, 15, 235, 13.6571, 5
1437, 15.0, 15, 178, 9.9984, 5
1438, 15.0, 15, 377, 23.9787, 5
1439, 15.0, 15, 255, 15.657, 5
1440, 15.0, 15, 216, 13.6656, 5
1441, 15.0, 15, 253, 14.9908, 5
1442, 15.0, 15, 365, 21.4902, 5
1443, 15.0, 15, 139, 8.000002, 5
1444, 15.0, 15, 298, 17.9961, 5
1445, 15.0, 15, 344, 19.3151, 5
1446, 15.0, 15, 265, 15.9852, 5
1447, 15.0, 15, 241, 14.3923, 5
1448, 15.0, 15, 334, 19.4792, 5
1449, 15.0, 15, 208, 11.6566, 5
1450, 15.0, 15, 193, 11.4993, 5
1451, 15.0, 15, 167, 9.99, 5
1452, 15.0, 15, 287, 17.1851, 5
1453, 15.0, 15, 325, 19.5835, 5
1454, 15.0, 15, 169, 9.7977, 5
1455, 15.0, 15, 258, 15.652, 5
1456, 15.0, 15, 271, 16.492, 5
1457, 15.0, 15, 181, 11.74, 5
1458, 15.0, 15, 246, 15.662, 5
1459, 15.0, 15, 289, 17.4911, 5
1460, 15.0, 15, 300, 16.66, 5
1461, 15.0, 15, 186, 11.2468, 5
1462, 15.0, 15, 218, 12.4888, 5
1463, 15.0, 15, 196, 11.6126, 5
1464, 15.0, 15, 252, 14.9856, 5
1465, 15.0, 15, 283, 16.4853, 5
1466, 15.0, 15, 188, 11.4958, 5
1467, 15.0, 15, 323, 18.9963, 5
1468, 15.0, 15, 208, 12.5601, 5
1469, 15.0, 15, 299, 18.3811, 5
1470, 15.0, 15, 249, 14.4918, 5
1471, 15.0, 15, 154, 8.5466, 5
1472, 15.0, 15, 273, 15.9978, 5
1473, 15.0, 15, 303, 17.1902, 5
1474, 15.0, 15, 236, 14.3988, 5
1475, 15.0, 15, 340, 19.4887, 5
1476, 15.0, 15, 313, 17.9825, 5
1477, 15.0, 15, 214, 13.1656, 5
1478, 15.0, 15, 236, 13.394, 5
1479, 15.0, 15, 339, 19.3908, 5
1480, 15.0, 15, 187, 11.2417, 5
1481, 15.0, 15, 374, 21.4971, 5
1482, 15.0, 15, 288, 16.6656, 5
1483, 15.0, 15, 236, 14.00004, 5
1484, 15.0, 15, 204, 12.1312, 5
1485, 15.0, 15, 214, 13.4945, 5
1486, 15.0, 15, 315, 17.598, 5
1487, 15.0, 15, 252, 15.4896, 5
1488, 15.0, 15, 272, 16.5948, 5
1489, 15.0, 15, 196, 11.9925, 5
1490, 15.0, 15, 225, 13.845, 5
1491, 15.0, 15, 272, 16.2328, 5
1492, 15.0, 15, 184, 10.7415, 5
1493, 15.0, 15, 215, 13.3895, 5
1494, 15.0, 15, 252, 14.9856, 5
1495, 15.0, 15, 321, 18.9818, 5
1496, 15.0, 15, 281, 15.500002, 5
1497, 15.0, 15, 236, 13.9906, 5
1498, 15.0, 15, 257, 15.1839, 5
1499, 15.0, 15, 218, 12.7498, 5
1500, 15.0, 15, 214, 12.994, 5
1501, 15.0, 15, 338, 19.7883, 5
1502, 15.0, 15, 308, 17.9913, 5
1503, 15.0, 15, 297, 18.1962, 5
1504, 15.0, 15, 238, 14.2449, 5
1505, 15.0, 15, 270, 16.992, 5
1506, 15.0, 15, 222, 12.9944, 5
1507, 15.0, 15, 253, 14.6528, 5
1508, 15.0, 15, 202, 11.500002, 5
1509, 15.0, 15, 253, 14.9908, 5
1510, 15.0, 15, 225, 12.99, 5
1511, 15.0, 15, 300, 18.0, 5
1512, 15.0, 15, 188, 10.9958, 5
1513, 15.0, 15, 300, 18.0, 5
1514, 15.0, 15, 215, 12.7031, 5
1515, 15.0, 15, 258, 15.652, 5
1516, 15.0, 15, 148, 9.3915, 5
1517, 15.0, 15, 292, 16.7952, 5
1518, 15.0, 15, 349, 21.2396, 5
1519, 15.0, 15, 248, 14.9988, 5
1520, 15.0, 15, 369, 20.664, 5
1521, 15.0, 15, 236, 14.1633, 5
1522, 15.0, 15, 174, 10.8228, 5
1523, 15.0, 15, 220, 12.8292, 5
1524, 15.0, 15, 282, 16.1868, 5
1525, 15.0, 15, 204, 11.492, 5
1526, 15.0, 15, 169, 9.9898, 5
1527, 15.0, 15, 174, 10.1964, 5
1528, 15.0, 15, 149, 8.7948, 5
1529, 15.0, 15, 293, 16.6668, 5
1530, 15.0, 15, 320, 18.2448, 5
1531, 15.0, 15, 359, 21.6628, 5
1532, 15.0, 15, 151, 8.9961, 5
1533, 15.0, 15, 348, 20.2304, 5
1534, 15.0, 15, 184, 10.9998, 5
1535, 15.0, 15, 206, 12.2811, 5
1536, 15.0, 15, 137, 7.6591, 5
1537, 15.0, 15, 239, 13.6596, 5
1538, 15.0, 15, 191, 12.238, 5
1539, 15.0, 15, 253, 15.000002, 5
1540, 15.0, 15, 267, 15.664, 5
1541, 15.0, 15, 181, 11.1592, 5
1542, 15.0, 15, 266, 15.000002, 5
1543, 15.0, 15, 270, 16.992, 5
1544, 15.0, 15, 293, 17.3883, 5
1545, 15.0, 15, 211, 12.3324, 5
1546, 15.0, 15, 265, 15.8259, 5
1547, 15.0, 15, 323, 19.4908, 5
1548, 15.0, 15, 218, 13.4893, 5
1549, 15.0, 15, 217, 12.8572, 5
1550, 15.0, 15, 334, 18.7433, 5
1551, 15.0, 15, 214, 13.3944, 5
1552, 15.0, 15, 257, 14.9958, 5
1553, 15.0, 15, 281, 16.4893, 5
1554, 15.0, 15, 289, 17.7999, 5
1555, 15.0, 15, 247, 14.3877, 5
1556, 15.0, 15, 217, 13.1327, 5
1557, 15.0, 15, 264, 15.1536, 5
1558, 15.0, 15, 322, 19.1877, 5
1559, 15.0, 15, 97, 5.9987, 5
1560, 15.0, 15, 223, 12.736, 5
1561, 15.0, 15, 328, 19.9833, 5
1562, 15.0, 15, 306, 17.748, 5
1563, 15.0, 15, 220, 13.1526, 5
1564, 15.0, 15, 275, 15.9909, 5
1565, 15.0, 15, 232, 14.7382, 5
1566, 15.0, 15, 200, 11.4979, 5
1567, 15.0, 15, 284, 15.588, 5
1568, 15.0, 15, 190, 11.4983, 5
1569, 15.0, 15, 151, 8.7436, 5
1570, 15.0, 15, 174, 10.7416, 5
1571, 15.0, 15, 155, 9.2415, 5
1572, 15.0, 15, 215, 12.3742, 5
1573, 15.0, 15, 287, 16.000002, 5
1574, 15.0, 15, 350, 20.98, 5
1575, 15.0, 15, 324, 18.5976, 5
1576, 15.0, 15, 247, 15.3942, 5
1577, 15.0, 15, 197, 11.4172, 5
1578, 15.0, 15, 277, 16.4872, 5
1579, 15.0, 15, 282, 16.7884, 5
1580, 15.0, 15, 218, 12.6628, 5
1581, 15.0, 15, 270, 16.2, 5
1582, 15.0, 15, 193, 11.4993, 5
1583, 15.0, 15, 240, 13.744, 5
1584, 15.0, 15, 168, 10.6176, 5
1585, 15.0, 15, 223, 13.2724, 5
1586, 15.0, 15, 213, 12.2404, 5
1587, 15.0, 15, 380, 22.7274, 5
1588, 15.0, 15, 199, 11.9899, 5
1589, 15.0, 15, 314, 18.5925, 5
1590, 15.0, 15, 254, 15.1588, 5
1591, 15.0, 15, 334, 18.1858, 5
1592, 15.0, 15, 159, 9.6566, 5
1593, 15.0, 15, 181, 11.3286, 5
1594, 15.0, 15, 127, 7.4977, 5
1595, 15.0, 15, 287, 16.784, 5
1596, 15.0, 15, 265, 15.6666, 5
1597, 15.0, 15, 260, 15.3957, 5
1598, 15.0, 15, 326, 18.9991, 5
1599, 15.0, 15, 279, 17.1864, 5
1600, 15.0, 15, 345, 19.182, 5
1601, 15.0, 15, 330, 18.986, 5
1602, 15.0, 15, 246, 14.4976, 5
1603, 15.0, 15, 226, 13.9946, 5
1604, 15.0, 15, 229, 13.3236, 5
1605, 15.0, 15, 310, 18.2448, 5
1606, 15.0, 15, 313, 18.4841, 5
1607, 15.0, 15, 284, 16.7409, 5
1608, 15.0, 15, 279, 17.1864, 5
1609, 15.0, 15, 328, 19.392, 5
1610, 15.0, 15, 241, 15.3905, 5
1611, 15.0, 15, 335, 19.7911, 5
1612, 15.0, 15, 330, 19.58, 5
1613, 15.0, 15, 364, 21.4965, 5
1614, 15.0, 15, 249, 15.6538, 5
1615, 15.0, 15, 135, 7.992, 5
1616, 15.0, 15, 288, 17.7408, 5
1617, 15.0, 15, 302, 16.4952, 5
1618, 15.0, 15, 58, 3.5703, 5
1619, 15.0, 15, 304, 16.9984, 5
1620, 15.0, 15, 225, 12.99, 5
1621, 15.0, 15, 421, 24.498, 5
1622, 15.0, 15, 361, 20.6445, 5
1623, 15.0, 15, 236, 13.4882, 5
1624, 15.0, 15, 255, 16.388, 5
1625, 15.0, 15, 351, 19.5858, 5
1626, 15.0, 15, 309, 18.746, 5
1627, 15.0, 15, 265, 15.4896, 5
1628, 15.0, 15, 247, 14.9982, 5
1629, 15.0, 15, 171, 10.3284, 5
1630, 15.0, 15, 286, 15.9916, 5
1631, 15.0, 15, 282, 17.6532, 5
1632, 15.0, 15, 301, 18.9813, 5
1633, 15.0, 15, 326, 18.3915, 5
1634, 15.0, 15, 214, 12.6651, 5
1635, 15.0, 15, 401, 24.4905, 5
1636, 15.0, 15, 324, 19.7856, 5
1637, 15.0, 15, 194, 11.6562, 5
1638, 15.0, 15, 195, 11.492, 5
1639, 15.0, 15, 170, 10.3276, 5
1640, 15.0, 15, 290, 15.9944, 5
1641, 15.0, 15, 235, 13.9868, 5
1642, 15.0, 15, 323, 18.7813, 5
1643, 15.0, 15, 283, 16.9956, 5
1644, 15.0, 15, 208, 13.2412, 5
1645, 15.0, 15, 282, 15.9988, 5
1646, 15.0, 15, 229, 13.7367, 5
1647, 15.0, 15, 259, 15.3291, 5
1648, 15.0, 15, 273, 15.7976, 5
1649, 15.0, 15, 234, 13.3224, 5
1650, 15.0, 15, 174, 10.3704, 5
1651, 15.0, 15, 272, 15.6536, 5
1652, 15.0, 15, 164, 10.3229, 5
1653, 15.0, 15, 360, 20.232, 5
1654, 15.0, 15, 145, 8.7064, 5
1655, 15.0, 15, 189, 10.6596, 5
1656, 15.0, 15, 223, 13.4959, 5
1657, 15.0, 15, 256, 14.8266, 5
1658, 15.0, 15, 351, 19.3986, 5
1659, 15.0, 15, 278, 16.9978, 5
1660, 15.0, 15, 221, 12.7047, 5
1661, 15.0, 15, 209, 12.3209, 5
1662, 15.0, 15, 334, 19.7914, 5
1663, 15.0, 15, 297, 17.7804, 5
1664, 15.0, 15, 282, 16.9952, 5
1665, 15.0, 15, 230, 14.1858, 5
1666, 15.0, 15, 197, 12.1901, 5
1667, 15.0, 15, 258, 15.2392, 5
1668, 15.0, 15, 262, 15.7867, 5
1669, 15.0, 15, 164, 9.9959, 5
1670, 15.0, 15, 277, 15.7472, 5
1671, 15.0, 15, 302, 17.3997, 5
1672, 15.0, 15, 167, 10.4895, 5
1673, 15.0, 15, 327, 19.5982, 5
1674, 15.0, 15, 272, 15.9975, 5
1675, 15.0, 15, 222, 13.1572, 5
1676, 15.0, 15, 269, 16.3223, 5
1677, 15.0, 15, 260, 15.1535, 5
1678, 15.0, 15, 210, 11.998, 5
1679, 15.0, 15, 291, 17.1884, 5
1680, 15.0, 15, 124, 7.1628, 5
1681, 15.0, 15, 209, 12.4877, 5
1682, 15.0, 15, 97, 5.9987, 5
1683, 15.0, 15, 311, 18.1872, 5
1684, 15.0, 15, 231, 13.9986, 5
1685, 15.0, 15, 193, 11.9895, 5
1686, 15.0, 15, 221, 12.9987, 5
1687, 15.0, 15, 364, 23.2461, 5
1688, 15.0, 15, 55, 3.4965, 5
1689, 15.0, 15, 207, 12.1164, 5
1690, 15.0, 15, 285, 16.321, 5
1691, 15.0, 15, 206, 11.9934, 5
1692, 15.0, 15, 257, 14.9958, 5
1693, 15.0, 15, 186, 11.16, 5
1694, 15.0, 15, 326, 19.9973, 5
1695, 15.0, 15, 320, 18.6495, 5
1696, 15.0, 15, 237, 13.9988, 5
1697, 15.0, 15, 269, 16.0001, 5
1698, 15.0, 15, 138, 8.9976, 5
1699, 15.0, 15, 259, 15.7962, 5
1700, 15.0, 15, 241, 14.3279, 5
1701, 15.0, 15, 265, 15.7905, 5
1702, 15.0, 15, 296, 16.798, 5
1703, 15.0, 15, 174, 10.9968, 5
1704, 15.0, 15, 184, 10.9998, 5
1705, 15.0, 15, 204, 11.8456, 5
1706, 15.0, 15, 226, 12.998, 5
1707, 15.0, 15, 207, 12.000003, 5
1708, 15.0, 15, 214, 12.994, 5
1709, 15.0, 15, 279, 16.3308, 5
1710, 15.0, 15, 115, 6.9968, 5
1711, 15.0, 15, 209, 12.000001, 5
1712, 15.0, 15, 261, 15.747, 5
1713, 15.0, 15, 303, 18.18, 5
1714, 15.0, 15, 370, 23.9998, 5
1715, 15.0, 15, 227, 13.6535, 5
1716, 15.0, 15, 305, 17.9988, 5
1717, 15.0, 15, 267, 16.4828, 5
1718, 15.0, 15, 171, 10.83, 5
1719, 15.0, 15, 257, 14.9958, 5
1720, 15.0, 15, 312, 18.9904, 5
1721, 15.0, 15, 214, 12.565, 5
1722, 15.0, 15, 200, 11.99, 5
1723, 15.0, 15, 263, 15.3283, 5
1724, 15.0, 15, 342, 20.9988, 5
1725, 15.0, 15, 332, 18.9951, 5
1726, 15.0, 15, 226, 13.7379, 5
1727, 15.0, 15, 223, 13.6598, 5
1728, 15.0, 15, 253, 14.5852, 5